variant	rsID	HGVSp	MAF_percent	INI2005254_BETA	INI2005254_P	INI2005255_BETA	INI2005255_P
1:11252357:A:G	rs200058074	p.Gln136Arg	0.0536%	0.0124 [-0.203, 0.228]	0.910273	-0.0297 [-0.248, 0.189]	0.789729
1:11252369:G:A	rs28991002	p.Arg140His	0.2533%	-0.0714 [-0.165, 0.022]	0.133283	-0.1497 [-0.244, -0.055]	0.00186485
1:11253684:G:T	rs28991009	p.Gln175His	0.8116%	-0.1552 [-0.207, -0.103]	5.9617e-09	-0.2004 [-0.253, -0.148]	1.07008e-13
1:11253688:C:T	rs143435072	p.Arg177Ter	0.0406%	-0.1285 [-0.374, 0.117]	0.303964	-0.2856 [-0.533, -0.038]	0.0238987
