GBE_ID	variant	rsID	HGVSp	BETA_str	P
INI2005254	1:11252357:A:G	rs200058074	p.Gln136Arg	0.0124 [-0.203, 0.228]	0.910273
INI2005254	1:11252369:G:A	rs28991002	p.Arg140His	-0.0714 [-0.165, 0.022]	0.133283
INI2005254	1:11253684:G:T	rs28991009	p.Gln175His	-0.1552 [-0.207, -0.103]	5.9617e-09
INI2005254	1:11253688:C:T	rs143435072	p.Arg177Ter	-0.1285 [-0.374, 0.117]	0.303964
INI2005255	1:11252357:A:G	rs200058074	p.Gln136Arg	-0.0297 [-0.248, 0.189]	0.789729
INI2005255	1:11252369:G:A	rs28991002	p.Arg140His	-0.1497 [-0.244, -0.055]	0.00186485
INI2005255	1:11253684:G:T	rs28991009	p.Gln175His	-0.2004 [-0.253, -0.148]	1.07008e-13
INI2005255	1:11253688:C:T	rs143435072	p.Arg177Ter	-0.2856 [-0.533, -0.038]	0.0238987
INI5254	1:11252357:A:G	rs200058074	p.Gln136Arg	-0.0426 [-0.259, 0.174]	0.699717
INI5254	1:11252369:G:A	rs28991002	p.Arg140His	-0.0991 [-0.193, -0.005]	0.0387246
INI5254	1:11253684:G:T	rs28991009	p.Gln175His	-0.1517 [-0.204, -0.099]	1.64049e-08
INI5254	1:11253688:C:T	rs143435072	p.Arg177Ter	-0.0502 [-0.296, 0.196]	0.689494
INI5255	1:11252357:A:G	rs200058074	p.Gln136Arg	-0.0380 [-0.256, 0.180]	0.733056
INI5255	1:11252369:G:A	rs28991002	p.Arg140His	-0.1555 [-0.250, -0.061]	0.00130003
INI5255	1:11253684:G:T	rs28991009	p.Gln175His	-0.2003 [-0.253, -0.147]	1.4694e-13
INI5255	1:11253688:C:T	rs143435072	p.Arg177Ter	-0.2626 [-0.511, -0.014]	0.038067
INI5262	1:11252357:A:G	rs200058074	p.Gln136Arg	0.0657 [-0.152, 0.283]	0.553834
INI5262	1:11252369:G:A	rs28991002	p.Arg140His	-0.0595 [-0.153, 0.035]	0.214857
INI5262	1:11253684:G:T	rs28991009	p.Gln175His	-0.1333 [-0.186, -0.081]	7.01159e-07
INI5262	1:11253688:C:T	rs143435072	p.Arg177Ter	-0.1771 [-0.423, 0.068]	0.15737
INI5263	1:11252357:A:G	rs200058074	p.Gln136Arg	-0.0175 [-0.237, 0.202]	0.875964
INI5263	1:11252369:G:A	rs28991002	p.Arg140His	-0.1549 [-0.250, -0.060]	0.00137019
INI5263	1:11253684:G:T	rs28991009	p.Gln175His	-0.1815 [-0.235, -0.128]	2.24106e-11
INI5263	1:11253688:C:T	rs143435072	p.Arg177Ter	-0.2731 [-0.521, -0.025]	0.0307387
