#GBE_ID	V(G)/Vp_CP	SE_Jackknife_CP	P_Jackknife_CP	V(G)/Vp_SD	SE_Jackknife_SD	P_Jackknife_SD
INI2005254	0.200997	0.0128811	0	0.166341	0.062698	3.12413e-14	
INI2005255	0.276585	0.0108018	0	0.260271	0.0292492	2.49378e-133	
INI5254	0.144225	0.010776	3.05732e-167	0.178819	0.0972363	1.36099e-08	
INI5255	0.23436	0.0105297	0	0.250175	0.0424214	2.06571e-76	
INI5262	0.159927	0.0136801	1.67376e-204	0.08307	0.0708527	0.00642496	
INI5263	0.228534	0.0103888	0	0.209725	0.0442138	1.9117e-46	
HC276	0.0233154	0.00267454	7.08887e-76	0.0237812	0.010019	0.000405558	
