#GBE_ID	V(G)/Vp_CP	SE_Jackknife_CP	P_Jackknife_CP	V(G)/Vp_SD	SE_Jackknife_SD	P_Jackknife_SD
INI2005254	0.000330016	0.000139878	1.12644e-20	0.00031771	0.000182751	0.0335507	
INI2005255	0.000721422	0.000213613	2.63051e-92	0.000655902	0.000243402	1.13413e-19	
INI5254	0.000322549	0.000131891	1.10391e-19	0.00035678	0.000242241	0.0952298	
INI5255	0.000695921	0.000206618	2.30287e-85	0.000641216	0.000251184	2.88868e-12	
INI5262	0.000210965	0.0001204	3.51963e-09	0.000162764	0.000233074	0.433404	
INI5263	0.000587128	0.000188193	1.17484e-60	0.000548224	0.000221628	4.07574e-08	
HC276	4.48975e-05	2.11607e-05	8.48959e-08	3.9328e-05	9.37596e-05	0.377566	
