GBE_ID	variant	OR_str	P	BETA	SE	t.value
HC276	rs200058074A/G	0.21 [0.03, 1.5]	0.122980303850272	-1.53983588123288	0.998347925692061	-1.54238401423577
HC276	rs28991002G/A	210 [4.3e-60, 9.9e+63]	0.941374498660259	5.32911893263125	72.4632096314558	0.0735424080679683
HC276	rs28991002G/G	220 [4.6e-60, 1.1e+64]	0.940583414142724	5.40113573911486	72.4628604685309	0.0745366068106083
HC276	rs28991009G/T	0.64 [0.48, 0.87]	0.00361003044321961	-0.443549720787164	0.152403294370103	-2.91036832648793
HC276	rs28991009T/T	2.5 [0.34, 19]	0.368590364996711	0.91966803992496	1.02285695893249	0.899116960483679
HC276	rs143435072C/T	0.56 [0.14, 2.3]	0.421727906947439	-0.570978553529208	0.710678718178618	-0.803427116816661
