CHROM	POS	Variant_ID	GBE_ID	REF	ALT	A1	BETA	SE	P	STAT	GBE_short_name
1	11252369	rs28991002	HC193	G	A	A	2.11517	0.226131	0.00092354	3.31284	Heart arrhythmia
1	11253684	rs28991009	HC276	G	T	T	0.611932	0.131398	0.000185669	-3.73776	Glaucoma
1	11253684	rs28991009	RH141	G	T	T	0.846036	0.0498224	0.000791412	-3.35578	Osteoarthritis
